id,Ticketnummer,originale_Anfrage,Problemzusammenfassung,Kategorie,Loesung,Datum_Anfrageneingang,Datum_Ticketschliessung,createdAt,updatedAt
1,TCK-0001,Ich kann mich nicht am Firmen-Notebook anmelden. Mein Passwort wird abgelehnt.,Anmeldung am Firmen-Notebook nicht möglich.,Login Probleme,"Benutzerkonto geprüft, entsperrt und Kennwort zurückgesetzt. Anmeldung erfolgreich getestet.",2026-08-03T04:14:00.000Z,2026-08-03T05:02:00.000Z,2026-09-11T08:53:13.754Z,2026-09-11T08:53:13.754Z
2,TCK-0002,Outlook startet nicht mehr und zeigt eine Fehlermeldung.,Outlook lässt sich nicht starten.,Software,Office-Reparatur ausgeführt und Outlook-Profil neu eingerichtet.,2026-08-03T05:27:00.000Z,2026-08-04T06:16:00.000Z,2026-09-11T08:53:13.754Z,2026-09-11T08:53:13.754Z
3,TCK-0003,"Der zweite Monitor bleibt schwarz, obwohl der Rechner läuft.",Externer Monitor zeigt kein Bild.,Hardware,DisplayPort-Kabel ersetzt und Anzeigeeinstellungen geprüft.,2026-08-04T04:41:00.000Z,2026-08-04T05:18:00.000Z,2026-09-11T08:53:13.754Z,2026-09-11T08:53:13.754Z
4,TCK-0004,Ich brauche eine neue Adobe-Acrobat-Lizenz für meinen Arbeitsplatz.,Neue Softwarelizenz benötigt.,Lizenzen,Freie Lizenz zugewiesen und Aktivierung geprüft.,2026-08-05T06:05:00.000Z,2026-08-05T06:44:00.000Z,2026-09-11T08:53:13.754Z,2026-09-11T08:53:13.754Z
5,TCK-0005,Mein Drucker druckt seit heute nur leere Seiten.,Drucker erzeugt leere Ausdrucke.,Hardware,Toner geprüft und Druckkopf gereinigt. Testdruck erfolgreich.,2026-08-05T09:22:00.000Z,2026-08-06T04:37:00.000Z,2026-09-11T08:53:13.754Z,2026-09-11T08:53:13.754Z
6,TCK-0006,Das WLAN funktioniert in meinem Büro nicht mehr.,WLAN-Verbindung am Arbeitsplatz gestört.,Netzwerk,WLAN-Adapter zurückgesetzt und Netzwerkprofil neu verbunden.,2026-08-06T04:18:00.000Z,2026-08-06T05:11:00.000Z,2026-09-11T08:53:13.754Z,2026-09-11T08:53:13.754Z
7,TCK-0007,Teams friert bei Videokonferenzen regelmäßig ein.,Teams reagiert während Videokonferenzen nicht mehr.,Software,Teams-Cache gelöscht und Client aktualisiert.,2026-08-07T07:34:00.000Z,2026-08-07T10:08:00.000Z,2026-09-11T08:53:13.754Z,2026-09-11T08:53:13.754Z
8,TCK-0008,Ich habe mein Passwort vergessen und komme nicht ins VPN.,VPN-Anmeldung wegen vergessenem Kennwort nicht möglich.,Login Probleme,Kennwort zurückgesetzt und VPN-Anmeldung getestet.,2026-08-07T11:12:00.000Z,2026-08-07T11:46:00.000Z,2026-09-11T08:53:13.754Z,2026-09-11T08:53:13.754Z
9,TCK-0009,Die Tastatur schreibt manche Buchstaben doppelt.,Fehlerhafte Tastatureingaben.,Hardware,Tastatur ausgetauscht und Funktion geprüft.,2026-08-10T04:03:00.000Z,2026-08-10T04:29:00.000Z,2026-09-11T08:53:13.754Z,2026-09-11T08:53:13.754Z
10,TCK-0010,Eine Excel-Datei lässt sich nicht öffnen.,Excel-Datei kann nicht geöffnet werden.,Software,Datei geprüft und aus der Sicherung wiederhergestellt.,2026-08-10T05:48:00.000Z,2026-08-11T07:07:00.000Z,2026-09-11T08:53:13.754Z,2026-09-11T08:53:13.754Z
11,TCK-0011,Ich bekomme keinen Zugriff auf den gemeinsamen Projektordner.,Berechtigung für Projektordner fehlt.,Berechtigungen,Gruppenmitgliedschaft und Ordnerberechtigung korrigiert.,2026-08-11T06:16:00.000Z,2026-08-11T06:52:00.000Z,2026-09-11T08:53:13.754Z,2026-09-11T08:53:13.754Z
12,TCK-0012,Mein Laptop wird extrem heiß und der Lüfter läuft ständig.,Notebook überhitzt und Lüfter läuft dauerhaft.,Hardware,Lüftung gereinigt und Hardwarediagnose durchgeführt.,2026-08-12T10:05:00.000Z,2026-08-13T05:24:00.000Z,2026-09-11T08:53:13.754Z,2026-09-11T08:53:13.754Z
13,TCK-0013,Der Browser zeigt unsere interne Webseite nicht korrekt an.,Darstellungsfehler im Browser.,Software,Browser-Cache gelöscht und Browser aktualisiert.,2026-08-13T04:55:00.000Z,2026-08-13T05:31:00.000Z,2026-09-11T08:53:13.754Z,2026-09-11T08:53:13.754Z
14,TCK-0014,Ich kann keine E-Mails mehr versenden.,Ausgehende E-Mails werden nicht zugestellt.,E-Mail,Postfach und Mailserver-Konfiguration geprüft und korrigiert.,2026-08-14T05:17:00.000Z,2026-08-14T06:03:00.000Z,2026-09-11T08:53:13.754Z,2026-09-11T08:53:13.754Z
15,TCK-0015,Die VPN-Verbindung bricht alle paar Minuten ab.,Instabile VPN-Verbindung.,Netzwerk,VPN-Client aktualisiert und Netzwerkverbindung analysiert.,2026-08-17T03:52:00.000Z,2026-08-18T09:14:00.000Z,2026-09-11T08:53:13.754Z,2026-09-11T08:53:13.754Z
16,TCK-0016,Ich benötige Zugriff auf die neue HR-Anwendung.,Zugriff auf HR-Anwendung fehlt.,Berechtigungen,Benutzer für die erforderliche Anwendung berechtigt.,2026-08-18T07:26:00.000Z,2026-08-18T08:02:00.000Z,2026-09-11T08:53:13.754Z,2026-09-11T08:53:13.754Z
17,TCK-0017,Mein Headset wird in Teams nicht erkannt.,Headset wird von Teams nicht erkannt.,Hardware,USB-Verbindung geprüft und korrektes Audiogerät ausgewählt.,2026-08-19T05:08:00.000Z,2026-08-19T05:42:00.000Z,2026-09-11T08:53:13.754Z,2026-09-11T08:53:13.754Z
18,TCK-0018,Beim Start von Windows erscheint eine Fehlermeldung.,Windows zeigt beim Systemstart einen Fehler.,Betriebssystem,Systemdateien geprüft und fehlerhafte Komponente repariert.,2026-08-20T04:21:00.000Z,2026-08-21T06:11:00.000Z,2026-09-11T08:53:13.754Z,2026-09-11T08:53:13.754Z
19,TCK-0019,Ich benötige eine zusätzliche Microsoft-365-Lizenz.,Zusätzliche M365-Lizenz wird benötigt.,Lizenzen,Verfügbare Lizenz zugewiesen und Aktivierung bestätigt.,2026-08-21T09:47:00.000Z,2026-08-21T10:19:00.000Z,2026-09-11T08:53:13.754Z,2026-09-11T08:53:13.754Z
20,TCK-0020,Der USB-Stick wird an meinem Rechner nicht erkannt.,USB-Speichergerät wird nicht erkannt.,Hardware,"USB-Port und Treiber geprüft, Treiber neu installiert.",2026-08-24T04:36:00.000Z,2026-08-24T05:05:00.000Z,2026-09-11T08:53:13.754Z,2026-09-11T08:53:13.754Z
21,TCK-0021,Der Dateiserver ist aus meinem Homeoffice nicht erreichbar.,Dateiserver über Remote-Zugriff nicht erreichbar.,Netzwerk,VPN und DNS-Auflösung geprüft. Verbindung wiederhergestellt.,2026-08-25T03:44:00.000Z,2026-08-25T05:16:00.000Z,2026-09-11T08:53:13.754Z,2026-09-11T08:53:13.754Z
22,TCK-0022,Ich kann mich in SAP nicht anmelden.,SAP-Anmeldung schlägt fehl.,Login Probleme,Benutzerkonto geprüft und Kennwort zurückgesetzt.,2026-08-26T05:33:00.000Z,2026-08-26T06:04:00.000Z,2026-09-11T08:53:13.754Z,2026-09-11T08:53:13.754Z
23,TCK-0023,Chrome stürzt beim Öffnen mehrerer Tabs ab.,Browser stürzt bei vielen geöffneten Tabs ab.,Software,Chrome aktualisiert und Erweiterungen überprüft.,2026-08-27T06:18:00.000Z,2026-08-27T07:02:00.000Z,2026-09-11T08:53:13.754Z,2026-09-11T08:53:13.754Z
24,TCK-0024,Der Beamer im Besprechungsraum zeigt kein Signal.,Projektor erhält kein Eingangssignal.,Hardware,HDMI-Verbindung geprüft und Eingangsquelle korrigiert.,2026-08-28T10:27:00.000Z,2026-08-28T11:06:00.000Z,2026-09-11T08:53:13.754Z,2026-09-11T08:53:13.754Z
25,TCK-0025,Ich benötige die aktuelle freigegebene Version von AutoCAD.,AutoCAD muss aktualisiert werden.,Software,Freigegebenes Update installiert und Lizenzaktivierung geprüft.,2026-08-31T05:12:00.000Z,2026-09-01T05:37:00.000Z,2026-09-11T08:53:13.754Z,2026-09-11T08:53:13.754Z
26,TCK-0026,Mein Benutzerkonto ist nach mehreren Versuchen gesperrt.,Benutzerkonto wurde gesperrt.,Login Probleme,Konto entsperrt und Anmeldeversuche überprüft.,2026-09-01T04:07:00.000Z,2026-09-01T04:35:00.000Z,2026-09-11T08:53:13.754Z,2026-09-11T08:53:13.754Z
27,TCK-0027,Der Netzwerkdrucker wird auf meinem Rechner nicht mehr angezeigt.,Netzwerkdrucker nicht verfügbar.,Netzwerk,Drucker erneut über Printserver verbunden und Testdruck durchgeführt.,2026-09-02T06:42:00.000Z,2026-09-02T07:21:00.000Z,2026-09-11T08:53:13.754Z,2026-09-11T08:53:13.754Z
28,TCK-0028,Ich brauche Administratorrechte für eine einmalige Installation.,Temporäre erhöhte Berechtigung für Softwareinstallation benötigt.,Berechtigungen,Installation durch IT mit temporären Rechten durchgeführt.,2026-09-03T09:05:00.000Z,2026-09-03T09:48:00.000Z,2026-09-11T08:53:13.754Z,2026-09-11T08:53:13.754Z
29,TCK-0029,Mein Laptop-Akku hält nur noch etwa eine Stunde.,Akkulaufzeit des Notebooks stark reduziert.,Hardware,Akkuzustand geprüft und Austausch veranlasst.,2026-09-04T05:29:00.000Z,2026-09-04T06:18:00.000Z,2026-09-11T08:53:13.754Z,2026-09-11T08:53:13.754Z
30,TCK-0030,Ich kann die neue VPN-Software nicht installieren.,Installation des VPN-Clients schlägt fehl.,Software,Alte Client-Version entfernt und aktuelle Version installiert.,2026-09-07T04:54:00.000Z,2026-09-08T05:26:00.000Z,2026-09-11T08:53:13.754Z,2026-09-11T08:53:13.754Z
31,TCK-0031,Mein Passwort läuft heute ab. Wie kann ich es ändern?,Passwort muss vor Ablauf geändert werden.,Login Probleme,Passwort über das Self-Service-Portal geändert und Anmeldung geprüft.,2026-09-08T04:32:00.000Z,2026-09-08T05:49:00.000Z,2026-09-11T08:53:13.754Z,2026-09-11T08:53:13.754Z
32,TCK-0032,Der Laptop erkennt meine Dockingstation nicht.,Dockingstation wird nicht erkannt.,Hardware,Dockingstation-Firmware aktualisiert und USB-C-Verbindung neu aufgebaut.,2026-09-08T07:49:00.000Z,2026-09-08T09:35:00.000Z,2026-09-11T08:53:13.754Z,2026-09-11T08:53:13.754Z
33,TCK-0033,Ich bekomme keine neuen E-Mails auf meinem Handy.,Mobiles Postfach synchronisiert nicht.,E-Mail,Mobiles Konto neu synchronisiert und Mail-App aktualisiert.,2026-09-08T10:16:00.000Z,2026-09-08T12:31:00.000Z,2026-09-11T08:53:13.754Z,2026-09-11T08:53:13.754Z
34,TCK-0034,Der Teams-Ton kommt aus den Laptop-Lautsprechern statt aus dem Headset.,Falsches Audioausgabegerät in Teams.,Software,Headset als Standardausgabegerät ausgewählt und Testanruf durchgeführt.,2026-09-08T13:33:00.000Z,2026-09-08T16:17:00.000Z,2026-09-11T08:53:13.754Z,2026-09-11T08:53:13.754Z
35,TCK-0035,Ich kann keine Dateien auf dem Netzlaufwerk speichern.,Schreibzugriff auf Netzlaufwerk fehlt.,Berechtigungen,Berechtigungen geprüft und fehlender Schreibzugriff ergänzt.,2026-09-08T16:50:00.000Z,2026-09-08T20:03:00.000Z,2026-09-11T08:53:13.754Z,2026-09-11T08:53:13.754Z
36,TCK-0036,Der PC fährt nach dem Windows-Update sehr langsam hoch.,Lange Startzeit nach Windows-Update.,Betriebssystem,Autostart geprüft und ausstehende Updates abgeschlossen.,2026-09-08T19:17:00.000Z,2026-09-08T22:59:00.000Z,2026-09-11T08:53:13.754Z,2026-09-11T08:53:13.754Z
37,TCK-0037,Ich brauche Visio für ein neues Projekt.,Lizenz und Installation von Visio werden benötigt.,Lizenzen,Visio-Lizenz zugewiesen und Software installiert.,2026-09-08T22:34:00.000Z,2026-09-09T02:45:00.000Z,2026-09-11T08:53:13.754Z,2026-09-11T08:53:13.754Z
38,TCK-0038,Der Scanner wird von meinem PC nicht gefunden.,Scannergerät wird nicht erkannt.,Hardware,Treiber neu installiert und Scanner erneut eingerichtet.,2026-09-09T01:51:00.000Z,2026-09-09T06:31:00.000Z,2026-09-11T08:53:13.754Z,2026-09-11T08:53:13.754Z
39,TCK-0039,Das Internet ist seit heute Morgen extrem langsam.,Sehr niedrige Netzwerkgeschwindigkeit am Arbeitsplatz.,Netzwerk,Netzwerkverbindung gemessen und fehlerhaften Switch-Port geprüft.,2026-09-09T04:18:00.000Z,2026-09-09T09:27:00.000Z,2026-09-11T08:53:13.754Z,2026-09-11T08:53:13.754Z
40,TCK-0040,Ich kann die PDF-Datei nicht drucken.,PDF-Druckauftrag schlägt fehl.,Software,PDF-Reader aktualisiert und Druckauftrag erneut gesendet.,2026-09-09T07:35:00.000Z,2026-09-09T13:13:00.000Z,2026-09-11T08:53:13.754Z,2026-09-11T08:53:13.754Z
41,TCK-0041,Der Monitor flackert sporadisch.,Bildschirm flackert unregelmäßig.,Hardware,Videokabel ersetzt und Monitoranschluss geprüft.,2026-09-09T10:52:00.000Z,2026-09-09T16:59:00.000Z,2026-09-11T08:53:13.754Z,2026-09-11T08:53:13.754Z
42,TCK-0042,"Ich bekomme eine Meldung, dass mein Office nicht aktiviert ist.",Office-Aktivierung fehlgeschlagen.,Lizenzen,Lizenzstatus geprüft und Microsoft-365-Konto erneut angemeldet.,2026-09-09T13:19:00.000Z,2026-09-09T19:55:00.000Z,2026-09-11T08:53:13.754Z,2026-09-11T08:53:13.754Z
43,TCK-0043,Die Anmeldung mit MFA funktioniert nicht.,Mehrfaktor-Authentifizierung schlägt fehl.,Login Probleme,MFA-Registrierung zurückgesetzt und Gerät neu registriert.,2026-09-09T16:36:00.000Z,2026-09-09T23:41:00.000Z,2026-09-11T08:53:13.754Z,2026-09-11T08:53:13.754Z
44,TCK-0044,Unser Team kann den Projektordner nicht öffnen.,Mehrere Benutzer haben keinen Zugriff auf den Projektordner.,Berechtigungen,Gruppenberechtigungen geprüft und fehlende Gruppe zugewiesen.,2026-09-09T19:53:00.000Z,2026-09-09T20:27:00.000Z,2026-09-11T08:53:13.754Z,2026-09-11T08:53:13.754Z
45,TCK-0045,Die Firmenwebseite ist für mich nicht erreichbar.,Interne Webseite kann nicht aufgerufen werden.,Netzwerk,DNS-Cache geleert und Proxy-Einstellungen geprüft.,2026-09-09T22:20:00.000Z,2026-09-09T23:23:00.000Z,2026-09-11T08:53:13.754Z,2026-09-11T08:53:13.754Z
46,TCK-0046,Mein Notebook erkennt die externe Webcam nicht.,USB-Webcam wird nicht erkannt.,Hardware,USB-Port gewechselt und Webcam-Treiber aktualisiert.,2026-09-10T01:37:00.000Z,2026-09-10T03:09:00.000Z,2026-09-11T08:53:13.754Z,2026-09-11T08:53:13.754Z
47,TCK-0047,Word beendet sich beim Speichern großer Dokumente.,Word stürzt beim Speichern großer Dateien ab.,Software,Office aktualisiert und Add-ins deaktiviert. Speichern erfolgreich getestet.,2026-09-10T04:54:00.000Z,2026-09-10T06:55:00.000Z,2026-09-11T08:53:13.754Z,2026-09-11T08:53:13.754Z
48,TCK-0048,Ich kann mich im neuen Ticketsystem nicht anmelden.,Anmeldung am Ticketsystem nicht möglich.,Login Probleme,Benutzerkonto aktiviert und initiales Kennwort neu gesetzt.,2026-09-10T07:21:00.000Z,2026-09-10T09:51:00.000Z,2026-09-11T08:53:13.754Z,2026-09-11T08:53:13.754Z
49,TCK-0049,Der Drucker meldet ständig Papierstau.,Drucker meldet Papierstau trotz leerem Papierweg.,Hardware,Papierweg gereinigt und Sensor geprüft.,2026-09-10T10:38:00.000Z,2026-09-10T13:37:00.000Z,2026-09-11T08:53:13.754Z,2026-09-11T08:53:13.754Z
50,TCK-0050,Ich kann die gemeinsame Mailbox nicht öffnen.,Zugriff auf gemeinsame Mailbox fehlt.,Berechtigungen,Delegierte Berechtigung für die Mailbox erteilt.,2026-09-10T13:05:00.000Z,2026-09-10T16:33:00.000Z,2026-09-11T08:53:13.754Z,2026-09-11T08:53:13.754Z
51,TCK-0051,Die VPN-Verbindung ist nach dem Update nicht mehr möglich.,VPN-Client verbindet nach Update nicht.,Netzwerk,VPN-Profil neu importiert und Client-Konfiguration korrigiert.,2026-09-10T16:22:00.000Z,2026-09-10T20:19:00.000Z,2026-09-11T08:53:13.754Z,2026-09-11T08:53:13.754Z
52,TCK-0052,Mein Excel-Add-in wird nicht mehr geladen.,Excel-Add-in ist deaktiviert oder fehlerhaft.,Software,Add-in aktiviert und Kompatibilität geprüft.,2026-09-10T19:39:00.000Z,2026-09-11T00:05:00.000Z,2026-09-11T08:53:13.754Z,2026-09-11T08:53:13.754Z
53,TCK-0053,Ich brauche eine Lizenz für Power BI.,Power-BI-Lizenz wird benötigt.,Lizenzen,Passende Lizenz zugewiesen und Zugriff getestet.,2026-09-10T22:06:00.000Z,2026-09-11T03:01:00.000Z,2026-09-11T08:53:13.754Z,2026-09-11T08:53:13.754Z
54,TCK-0054,Die Maus reagiert manchmal gar nicht.,Maus verliert sporadisch die Verbindung.,Hardware,Batterie ersetzt und Maus neu gekoppelt.,2026-09-11T01:23:00.000Z,2026-09-11T06:47:00.000Z,2026-09-11T08:53:13.754Z,2026-09-11T08:53:13.754Z
55,TCK-0055,Beim Windows-Start wird mein Benutzerprofil nicht geladen.,Benutzerprofil kann nicht korrekt geladen werden.,Betriebssystem,Profil geprüft und beschädigte lokale Profildaten repariert.,2026-09-08T06:40:00.000Z,2026-09-08T12:33:00.000Z,2026-09-11T08:53:13.754Z,2026-09-11T08:53:13.754Z
56,TCK-0056,Ich kann keine Anhänge größer als 10 MB versenden.,Große E-Mail-Anhänge werden abgelehnt.,E-Mail,Richtlinie geprüft und Datei über den vorgesehenen Filesharing-Dienst bereitgestellt.,2026-09-08T09:07:00.000Z,2026-09-08T15:29:00.000Z,2026-09-11T08:53:13.754Z,2026-09-11T08:53:13.754Z
57,TCK-0057,"Mein Passwort funktioniert im Browser, aber nicht in Outlook.",Outlook verwendet veraltete Anmeldedaten.,Login Probleme,Gespeicherte Zugangsdaten entfernt und Konto neu authentifiziert.,2026-09-08T12:24:00.000Z,2026-09-08T19:15:00.000Z,2026-09-11T08:53:13.754Z,2026-09-11T08:53:13.754Z
58,TCK-0058,Die Dockingstation lädt den Laptop nicht mehr.,Notebook wird über Dockingstation nicht geladen.,Hardware,"Netzteil und USB-C-Verbindung geprüft, Netzteil ersetzt.",2026-09-08T15:41:00.000Z,2026-09-08T16:01:00.000Z,2026-09-11T08:53:13.754Z,2026-09-11T08:53:13.754Z
59,TCK-0059,Der Dateiserver zeigt einen Berechtigungsfehler.,Zugriff auf einen Ordner wird verweigert.,Berechtigungen,NTFS- und Freigabeberechtigungen geprüft und korrigiert.,2026-09-08T18:08:00.000Z,2026-09-08T18:57:00.000Z,2026-09-11T08:53:13.754Z,2026-09-11T08:53:13.754Z
60,TCK-0060,Ich sehe die neue Druckerwarteschlange nicht.,Neuer Drucker wurde nicht automatisch hinzugefügt.,Netzwerk,Drucker über den Printserver manuell verbunden.,2026-09-08T21:25:00.000Z,2026-09-08T22:43:00.000Z,2026-09-11T08:53:13.754Z,2026-09-11T08:53:13.754Z
61,TCK-0061,"Windows meldet, dass zu wenig Speicherplatz vorhanden ist.",Systemlaufwerk ist nahezu voll.,Betriebssystem,Temporäre Dateien bereinigt und nicht benötigte lokale Daten entfernt.,2026-09-09T00:42:00.000Z,2026-09-09T02:29:00.000Z,2026-09-11T08:53:13.754Z,2026-09-11T08:53:13.754Z
62,TCK-0062,Die Software startet nach dem letzten Update nicht.,Anwendung startet nach Update nicht.,Software,Anwendung repariert und aktuelle Version erneut installiert.,2026-09-09T03:09:00.000Z,2026-09-09T05:25:00.000Z,2026-09-11T08:53:13.754Z,2026-09-11T08:53:13.754Z
63,TCK-0063,Ich benötige eine weitere VPN-Lizenz für einen Mitarbeiter.,Zusätzliche VPN-Lizenz wird benötigt.,Lizenzen,Zusätzliche Lizenz bereitgestellt und Benutzer zugewiesen.,2026-09-09T06:26:00.000Z,2026-09-09T09:11:00.000Z,2026-09-11T08:53:13.754Z,2026-09-11T08:53:13.754Z
64,TCK-0064,Der Laptop-Akku wird nicht mehr geladen.,Akku lädt trotz angeschlossenem Netzteil nicht.,Hardware,Ladegerät getestet und Akku-Ladeelektronik geprüft.,2026-09-09T09:43:00.000Z,2026-09-09T12:57:00.000Z,2026-09-11T08:53:13.754Z,2026-09-11T08:53:13.754Z
65,TCK-0065,Die MFA-App zeigt keinen Bestätigungscode an.,MFA-Bestätigungscode wird nicht angezeigt.,Login Probleme,MFA-App neu synchronisiert und Konto erneut registriert.,2026-09-09T12:10:00.000Z,2026-09-09T15:53:00.000Z,2026-09-11T08:53:13.754Z,2026-09-11T08:53:13.754Z
66,TCK-0066,Der E-Mail-Versand an externe Empfänger funktioniert nicht.,Externe E-Mails werden abgewiesen.,E-Mail,Mailbox- und Transportregeln geprüft und fehlerhafte Regel korrigiert.,2026-09-09T15:27:00.000Z,2026-09-09T19:39:00.000Z,2026-09-11T08:53:13.754Z,2026-09-11T08:53:13.754Z
67,TCK-0067,Ich kann eine Datei auf SharePoint nicht bearbeiten.,Datei ist nur lesbar.,Berechtigungen,Bearbeitungsberechtigung geprüft und Zugriff angepasst.,2026-09-09T18:44:00.000Z,2026-09-09T23:25:00.000Z,2026-09-11T08:53:13.754Z,2026-09-11T08:53:13.754Z
68,TCK-0068,Der PC verliert mehrmals täglich die Netzwerkverbindung.,Netzwerkverbindung bricht sporadisch ab.,Netzwerk,Netzwerkkartentreiber aktualisiert und Port geprüft.,2026-09-09T21:11:00.000Z,2026-09-10T02:21:00.000Z,2026-09-11T08:53:13.754Z,2026-09-11T08:53:13.754Z
69,TCK-0069,Der Browser fragt ständig nach dem Kennwort.,Anmeldung im Browser wird wiederholt abgefragt.,Software,Browser-Cache und gespeicherte Sitzungsdaten bereinigt.,2026-09-10T00:28:00.000Z,2026-09-10T06:07:00.000Z,2026-09-11T08:53:13.754Z,2026-09-11T08:53:13.754Z
70,TCK-0070,Ich brauche eine Acrobat-Lizenz für einen neuen Kollegen.,Neue Acrobat-Lizenz erforderlich.,Lizenzen,Verfügbare Lizenz übertragen und Aktivierung durchgeführt.,2026-09-10T03:45:00.000Z,2026-09-10T09:53:00.000Z,2026-09-11T08:53:13.754Z,2026-09-11T08:53:13.754Z
71,TCK-0071,Der zweite Bildschirm wird nach dem Neustart nicht erkannt.,Externer Bildschirm fehlt nach Neustart.,Hardware,Grafiktreiber aktualisiert und Anzeige neu erkannt.,2026-09-10T06:12:00.000Z,2026-09-10T12:49:00.000Z,2026-09-11T08:53:13.754Z,2026-09-11T08:53:13.754Z
72,TCK-0072,Der Windows-Update-Prozess bleibt bei der Installation hängen.,Windows-Update bleibt während der Installation stehen.,Betriebssystem,Update-Komponenten zurückgesetzt und Update erneut ausgeführt.,2026-09-10T09:29:00.000Z,2026-09-10T16:35:00.000Z,2026-09-11T08:53:13.754Z,2026-09-11T08:53:13.754Z
73,TCK-0073,Ich kann mich nicht mehr per Remote Desktop verbinden.,Remote-Desktop-Verbindung schlägt fehl.,Netzwerk,VPN und RDP-Freigabe geprüft und Verbindung wiederhergestellt.,2026-09-10T12:46:00.000Z,2026-09-10T13:21:00.000Z,2026-09-11T08:53:13.754Z,2026-09-11T08:53:13.754Z
74,TCK-0074,Die gemeinsame Mailbox zeigt keine neuen Nachrichten.,Gemeinsame Mailbox synchronisiert verzögert.,E-Mail,Mailbox-Berechtigungen und Outlook-Synchronisation geprüft.,2026-09-10T15:13:00.000Z,2026-09-10T16:17:00.000Z,2026-09-11T08:53:13.754Z,2026-09-11T08:53:13.754Z
75,TCK-0075,Mein Benutzername wird im Anmeldefenster nicht akzeptiert.,Benutzerkennung wird bei der Anmeldung abgelehnt.,Login Probleme,Anmeldeformat geprüft und gespeicherte Zugangsdaten aktualisiert.,2026-09-10T18:30:00.000Z,2026-09-10T20:03:00.000Z,2026-09-11T08:53:13.754Z,2026-09-11T08:53:13.754Z
76,TCK-0076,Die USB-Tastatur funktioniert nur an einem Port.,USB-Tastatur wird an einzelnen Ports nicht erkannt.,Hardware,USB-Ports geprüft und fehlerhaften Port dokumentiert.,2026-09-10T21:47:00.000Z,2026-09-10T23:49:00.000Z,2026-09-11T08:53:13.754Z,2026-09-11T08:53:13.754Z
77,TCK-0077,Ich brauche Zugriff auf das Controlling-Laufwerk.,Zugriff auf Controlling-Netzlaufwerk fehlt.,Berechtigungen,Benutzer zur zuständigen Sicherheitsgruppe hinzugefügt.,2026-09-11T00:14:00.000Z,2026-09-11T02:45:00.000Z,2026-09-11T08:53:13.754Z,2026-09-11T08:53:13.754Z
78,TCK-0078,Die Anwendung meldet einen Lizenzfehler beim Start.,Software kann Lizenzserver nicht erreichen.,Lizenzen,"Lizenzdienst und Netzwerkkonnektivität geprüft, Lizenz neu aktiviert.",2026-09-08T05:31:00.000Z,2026-09-08T08:31:00.000Z,2026-09-11T08:53:13.754Z,2026-09-11T08:53:13.754Z
79,TCK-0079,Der Rechner zeigt nach dem Update einen blauen Bildschirm.,Bluescreen nach Systemupdate.,Betriebssystem,Letztes problematisches Update zurückgesetzt und Treiber aktualisiert.,2026-09-08T08:48:00.000Z,2026-09-08T12:17:00.000Z,2026-09-11T08:53:13.754Z,2026-09-11T08:53:13.754Z
80,TCK-0080,Ich kann über Teams nicht telefonieren.,Teams-Telefonie funktioniert nicht.,Software,Teams-Telefonieeinstellungen und Benutzerzuordnung geprüft.,2026-09-08T11:15:00.000Z,2026-09-08T15:13:00.000Z,2026-09-11T08:53:13.754Z,2026-09-11T08:53:13.754Z
81,TCK-0081,Das WLAN verbindet sich nach dem Standby nicht automatisch.,WLAN-Verbindung wird nach Standby nicht wiederhergestellt.,Netzwerk,WLAN-Treiber aktualisiert und Energiespareinstellung angepasst.,2026-09-08T14:32:00.000Z,2026-09-08T18:59:00.000Z,2026-09-11T08:53:13.754Z,2026-09-11T08:53:13.754Z
82,TCK-0082,Der Drucker druckt sehr langsam.,Druckaufträge benötigen ungewöhnlich lange.,Hardware,Druckertreiber aktualisiert und Druckwarteschlange bereinigt.,2026-09-08T17:49:00.000Z,2026-09-08T22:45:00.000Z,2026-09-11T08:53:13.754Z,2026-09-11T08:53:13.754Z
83,TCK-0083,Ich brauche eine Office-Lizenz für ein neues Gerät.,Office-Lizenz muss auf neuem Gerät aktiviert werden.,Lizenzen,Lizenz vom alten Gerät entfernt und neu zugewiesen.,2026-09-08T20:16:00.000Z,2026-09-09T01:41:00.000Z,2026-09-11T08:53:13.754Z,2026-09-11T08:53:13.754Z
84,TCK-0084,Mein Windows-Benutzerprofil ist sehr langsam.,Benutzerprofil lädt und reagiert ungewöhnlich langsam.,Betriebssystem,Profil bereinigt und temporäre Daten entfernt.,2026-09-08T23:33:00.000Z,2026-09-09T05:27:00.000Z,2026-09-11T08:53:13.754Z,2026-09-11T08:53:13.754Z
85,TCK-0085,Der VPN-Client fordert bei jeder Verbindung neue Anmeldedaten.,VPN speichert Sitzungsdaten nicht korrekt.,Login Probleme,VPN-Profil erneuert und Authentifizierungseinstellungen korrigiert.,2026-09-09T02:50:00.000Z,2026-09-09T09:13:00.000Z,2026-09-11T08:53:13.754Z,2026-09-11T08:53:13.754Z
86,TCK-0086,Ich kann keine Datei aus dem Internet herunterladen.,Downloads werden im Browser blockiert.,Software,Sicherheitseinstellungen und Browserrichtlinien geprüft.,2026-09-09T05:17:00.000Z,2026-09-09T12:09:00.000Z,2026-09-11T08:53:13.754Z,2026-09-11T08:53:13.754Z
87,TCK-0087,Das Notebook erkennt die SD-Karte nicht.,SD-Karte wird nicht erkannt.,Hardware,Kartenleser-Treiber geprüft und Gerät neu initialisiert.,2026-09-09T08:34:00.000Z,2026-09-09T08:55:00.000Z,2026-09-11T08:53:13.754Z,2026-09-11T08:53:13.754Z
88,TCK-0088,Ich kann aus Outlook keine Termine an Kollegen senden.,Kalendereinladungen werden nicht korrekt versendet.,E-Mail,Outlook-Kalender und Exchange-Verbindung geprüft und Profil synchronisiert.,2026-09-09T11:51:00.000Z,2026-09-09T12:41:00.000Z,2026-09-11T08:53:13.754Z,2026-09-11T08:53:13.754Z
89,TCK-0089,Der Zugriff auf die Finanzanwendung wurde abgelehnt.,Benutzer hat keine Berechtigung für die Finanzanwendung.,Berechtigungen,Anwendungsrolle geprüft und erforderliche Rolle zugewiesen.,2026-09-09T14:18:00.000Z,2026-09-09T15:37:00.000Z,2026-09-11T08:53:13.754Z,2026-09-11T08:53:13.754Z
90,TCK-0090,"Das Internet funktioniert, aber interne Seiten sind nicht erreichbar.",Interne Webseiten sind trotz Internetzugang nicht erreichbar.,Netzwerk,DNS- und Proxy-Konfiguration korrigiert.,2026-09-09T17:35:00.000Z,2026-09-09T19:23:00.000Z,2026-09-11T08:53:13.754Z,2026-09-11T08:53:13.754Z
91,TCK-0091,PowerPoint stürzt beim Öffnen einer Präsentation ab.,PowerPoint beendet sich beim Öffnen bestimmter Dateien.,Software,Office-Reparatur durchgeführt und Add-ins geprüft.,2026-09-09T20:52:00.000Z,2026-09-09T23:09:00.000Z,2026-09-11T08:53:13.754Z,2026-09-11T08:53:13.754Z
92,TCK-0092,Der Bildschirm zeigt eine falsche Auflösung.,Monitorauflösung ist nach Anschluss falsch eingestellt.,Hardware,Grafik- und Anzeigeeinstellungen korrigiert.,2026-09-09T23:19:00.000Z,2026-09-10T02:05:00.000Z,2026-09-11T08:53:13.754Z,2026-09-11T08:53:13.754Z
93,TCK-0093,Die M365-Lizenz ist abgelaufen.,Microsoft-365-Anwendungen melden abgelaufene Lizenz.,Lizenzen,Lizenzstatus geprüft und gültige Lizenz neu zugewiesen.,2026-09-10T02:36:00.000Z,2026-09-10T05:51:00.000Z,2026-09-11T08:53:13.754Z,2026-09-11T08:53:13.754Z
94,TCK-0094,Mein Konto wird immer wieder gesperrt.,Benutzerkonto wird regelmäßig automatisch gesperrt.,Login Probleme,Anmeldeprotokolle geprüft und veraltete Zugangsdaten auf einem Gerät entfernt.,2026-09-10T05:53:00.000Z,2026-09-10T09:37:00.000Z,2026-09-11T08:53:13.754Z,2026-09-11T08:53:13.754Z
95,TCK-0095,Die Mail-App auf dem Smartphone synchronisiert nicht.,Mobiler E-Mail-Client erhält keine neuen Nachrichten.,E-Mail,Konto entfernt und mit aktueller Unternehmenskonfiguration neu eingerichtet.,2026-09-10T08:20:00.000Z,2026-09-10T12:33:00.000Z,2026-09-11T08:53:13.754Z,2026-09-11T08:53:13.754Z
96,TCK-0096,Der Netzwerkanschluss am Arbeitsplatz funktioniert nicht.,Kabelgebundene Netzwerkverbindung ausgefallen.,Netzwerk,Netzwerkport geprüft und Patchkabel ersetzt.,2026-09-10T11:37:00.000Z,2026-09-10T16:19:00.000Z,2026-09-11T08:53:13.754Z,2026-09-11T08:53:13.754Z
97,TCK-0097,Windows zeigt nach dem Start einen schwarzen Bildschirm.,Schwarzer Bildschirm nach Windows-Anmeldung.,Betriebssystem,Grafiktreiber neu geladen und Explorer-Prozess repariert.,2026-09-10T14:54:00.000Z,2026-09-10T20:05:00.000Z,2026-09-11T08:53:13.754Z,2026-09-11T08:53:13.754Z
98,TCK-0098,Ich kann keine Dateien im Projektordner löschen.,Löschberechtigung im Projektordner fehlt.,Berechtigungen,Ordnerberechtigung geprüft und erforderliche Berechtigung ergänzt.,2026-09-10T17:21:00.000Z,2026-09-10T23:01:00.000Z,2026-09-11T08:53:13.754Z,2026-09-11T08:53:13.754Z
99,TCK-0099,Die Anwendung verlangt plötzlich einen Lizenzschlüssel.,Anwendung erkennt vorhandene Lizenz nicht.,Lizenzen,Lizenzierung zurückgesetzt und Unternehmenslizenz erneut aktiviert.,2026-09-10T20:38:00.000Z,2026-09-11T02:47:00.000Z,2026-09-11T08:53:13.754Z,2026-09-11T08:53:13.754Z
100,TCK-0100,Die Maus ruckelt bei Bewegungen.,Mausbewegung ist unregelmäßig.,Hardware,Treiber und USB-Empfänger geprüft und Verbindung neu hergestellt.,2026-09-10T23:05:00.000Z,2026-09-11T05:43:00.000Z,2026-09-11T08:53:13.754Z,2026-09-11T08:53:13.754Z
101,188,Mein zweiter Bildschirm bleibt schwarz.,"Zweiter Bildschirm bleibt schwarz, keine Anzeige.",Hardware,Zweiten Monitor an den Strom anschließen.,2026-09-09T16:11:30.600Z,2026-09-11T13:48:48.240Z,2026-09-11T13:52:13.543Z,2026-09-11T13:52:13.543Z